Alue,1990,1991,1992,1993,1994,1995,1996,1997,1998,1999,2000,2001,2002,2003,2004,2005,2006,2007,2008,2009,2010,2011,2012,2013,2014,2015,2016,2017,2018,2019,Y,X
Akaa,16048,16096,16201,16142,16038,15986,15924,15840,15857,15954,15945,16022,16117,16269,16324,16422,16586,16738,16837,16858,17012,17091,17134,17108,17052,17043,16923,16769,16611,16475,61.1671459,23.8658887
Alajarvi,11963,11982,12023,11992,11985,11890,11874,11803,11720,11624,11503,11341,11185,11075,11027,10910,10768,10698,10634,10573,10487,10327,10268,10227,10171,10006,9899,9831,9700,9562,63.0012732,23.8175228
Alavieska,3072,3060,3053,3097,3084,3051,3054,3064,3029,2990,2940,2902,2898,2891,2894,2854,2827,2817,2759,2776,2770,2750,2761,2740,2687,2687,2639,2610,2573,2519,64.1666462,24.3072134
Alavus,13785,13781,13744,13690,13623,13472,13341,13330,13299,13174,13135,13040,12925,12897,12880,12868,12791,12788,12706,12586,12439,12385,12341,12228,12103,12044,11907,11713,11544,11468,62.5861619,23.6166005
Asikkala,8822,8790,8828,8842,8761,8782,8728,8694,8609,8636,8644,8680,8648,8554,8547,8560,8597,8663,8604,8551,8552,8498,8461,8405,8374,8287,8323,8248,8149,8083,61.1725123,25.5491424
Askola,4248,4311,4334,4348,4319,4269,4301,4298,4314,4360,4389,4421,4446,4474,4530,4555,4627,4711,4761,4831,4864,4911,4988,4991,5064,5104,5046,4990,4958,4943,60.5302107,25.5988806
Aura,2960,3134,3195,3232,3280,3288,3281,3293,3291,3316,3338,3378,3457,3514,3620,3699,3750,3823,3852,3840,3911,3975,3971,3962,3982,3986,3984,3991,3984,3941,60.6465918,22.5889919
Brando,529,532,536,538,546,548,534,538,525,517,514,501,502,515,516,519,520,510,518,498,488,480,476,475,474,470,471,452,449,445,60.4126623,21.0437137
Eckero,811,822,843,829,820,823,816,810,835,846,830,839,884,895,897,925,929,923,921,924,943,978,960,947,932,935,928,948,961,952,60.2136120,19.6131386
Enonkoski,2217,2185,2222,2186,2142,2093,2035,1976,1938,1909,1871,1819,1793,1747,1738,1713,1696,1677,1651,1617,1615,1566,1532,1522,1503,1473,1453,1416,1405,1361,62.0892603,28.9169046
Enontekio,2472,2504,2475,2483,2450,2413,2378,2365,2324,2225,2145,2100,2073,2022,1998,2000,1997,1965,1915,1882,1876,1893,1880,1891,1890,1861,1872,1893,1852,1838,68.3855497,23.6353076
Espoo,172629,175670,179054,182647,186507,191247,196260,200834,204962,209667,213271,216836,221597,224231,227472,231704,235019,238047,241565,244330,247970,252439,256824,260753,265543,269802,274583,279044,283632,289731,60.2063763,24.6567285
Eura,13406,13439,13519,13533,13493,13438,13371,13320,13218,13121,12957,12883,12843,12779,12793,12807,12769,12676,12576,12554,12507,12424,12406,12368,12314,12128,12004,11910,11748,11632,61.1300037,22.1359317
Eurajoki,9554,9538,9625,9672,9619,9620,9549,9430,9373,9253,9233,9079,9043,9043,9102,9159,9180,9175,9188,9189,9245,9197,9282,9286,9294,9287,9418,9521,9454,9402,61.2035472,21.7340961
Evijarvi,3356,3325,3329,3323,3331,3287,3243,3209,3153,3117,3067,3027,2990,2985,2935,2916,2854,2827,2780,2772,2755,2747,2686,2685,2651,2576,2535,2499,2473,2425,63.3669019,23.4739531
Finstrom,2206,2220,2239,2243,2250,2246,2283,2273,2276,2277,2299,2304,2332,2371,2399,2441,2464,2457,2483,2486,2502,2527,2531,2520,2535,2522,2594,2580,2588,2593,60.2322627,19.9923831
Forssa,19660,19664,19699,19742,19699,19542,19335,19124,18857,18644,18506,18311,18201,18104,18076,17918,17894,17835,17870,17807,17904,17833,17727,17667,17521,17422,17332,17185,17028,16901,60.8147913,23.6164073
Foglo,606,607,600,602,603,602,598,599,596,600,595,589,600,608,607,596,583,582,576,561,580,577,578,572,568,554,561,532,534,531,60.0112886,20.4254812
Geta,478,472,471,475,467,461,475,480,473,482,478,476,470,461,461,444,448,443,456,457,475,492,495,500,494,500,499,495,514,496,60.3742720,19.8457738
Haapajarvi,8463,8531,8593,8592,8546,8519,8487,8482,8429,8300,8236,8179,8153,8083,8013,7882,7848,7850,7771,7714,7639,7609,7641,7616,7479,7438,7332,7251,7147,7010,63.7485140,25.3195734
Haapavesi,8190,8291,8358,8354,8366,8349,8289,8233,8166,8075,7983,7894,7851,7818,7753,7680,7529,7515,7493,7396,7418,7384,7283,7241,7175,7167,7098,6970,6854,6758,64.1361459,25.3644072
Hailuoto,934,946,964,983,970,955,983,977,974,976,966,972,968,979,986,964,998,987,1028,1019,1004,1004,986,999,997,993,994,967,974,959,65.0085963,24.7111263
Halsua,1665,1644,1651,1658,1643,1629,1639,1614,1592,1602,1547,1536,1499,1498,1456,1441,1405,1379,1351,1323,1289,1275,1248,1229,1222,1225,1219,1171,1165,1127,63.4601450,24.1715900
Hamina,22589,22638,22667,22631,22589,22405,22245,22194,22133,21986,21847,21705,21720,21763,21887,21957,21826,21737,21570,21483,21400,21403,21256,21203,21061,20851,20636,20493,20286,20111,60.5696881,27.1979005
Hammarland,1233,1261,1290,1300,1299,1283,1319,1332,1333,1348,1351,1373,1379,1365,1387,1384,1423,1409,1440,1463,1508,1526,1522,1540,1531,1537,1508,1547,1577,1583,60.2183446,19.7397919
Hankasalmi,6070,6088,6035,6032,6050,5991,5919,5892,5879,5832,5745,5706,5621,5590,5600,5588,5556,5506,5526,5514,5542,5491,5453,5404,5307,5240,5159,5019,4939,4875,62.3903011,26.4361913
Hanko,11458,11370,11274,11150,11008,10825,10623,10419,10267,10184,10044,10008,9999,9918,9905,9827,9725,9708,9657,9597,9462,9417,9267,9109,9021,8864,8663,8517,8379,8199,59.8249685,22.9668408
Harjavalta,8678,8623,8591,8532,8432,8374,8271,8202,8053,8003,7877,7766,7721,7738,7745,7673,7700,7646,7580,7548,7540,7504,7486,7407,7366,7296,7240,7151,7018,6931,61.3137019,22.1411993
Hartola,4352,4270,4246,4208,4177,4129,4041,3974,3925,3894,3837,3818,3783,3740,3692,3671,3572,3572,3466,3388,3355,3292,3205,3098,3071,2982,2924,2882,2780,2697,61.5835332,26.0194457
Hattula,8724,8830,9036,9139,9134,9108,9111,9087,9051,9120,9131,9151,9165,9199,9281,9332,9445,9444,9571,9625,9657,9682,9720,9684,9738,9747,9682,9610,9475,9422,61.0559379,24.3736888
Hausjarvi,7943,8045,8103,8102,8129,8143,8130,8154,8115,8097,8107,8173,8171,8290,8343,8419,8536,8574,8647,8826,8815,8807,8866,8808,8815,8729,8641,8504,8417,8260,60.7883520,25.0247431
Heinola,22255,22222,22238,22200,22130,22016,21865,21713,21567,21351,21178,20958,20940,20887,20910,20729,20604,20612,20545,20374,20258,20164,20051,19979,19695,19575,19350,19128,18889,18667,61.2052356,26.0348412
Heinavesi,5364,5258,5258,5217,5121,5065,4940,4840,4777,4687,4578,4529,4514,4451,4403,4311,4239,4152,4065,3975,3912,3827,3742,3667,3638,3574,3514,3455,3329,3254,62.4259852,28.6294326
Helsinki,492400,497542,501514,508588,515765,525031,532053,539363,546317,551123,555474,559718,559716,559330,559046,560905,564521,568531,576632,583350,588549,595384,603968,612664,620715,628208,635181,643272,648042,653835,60.1666407,24.9435367
Hirvensalmi,2835,2828,2826,2802,2810,2757,2700,2689,2673,2683,2666,2644,2613,2610,2579,2579,2569,2515,2489,2436,2439,2389,2377,2338,2326,2290,2274,2236,2152,2136,61.6432796,26.7773690
Hollola,22236,22506,22640,22695,22623,22629,22484,22479,22464,22384,22592,22616,22719,22932,23165,23390,23441,23659,23883,23971,24106,24150,24150,24073,23996,23915,23791,23782,23602,23410,60.9886064,25.5128134
Honkajoki,2393,2369,2347,2330,2333,2320,2296,2267,2227,2201,2170,2144,2104,2083,2023,2011,1985,1932,1918,1889,1878,1848,1832,1819,1788,1793,1759,1707,1666,1620,61.9932439,22.2635253
Huittinen,11429,11422,11412,11350,11330,11270,11246,11176,11087,11039,10983,10955,10895,10852,10851,10768,10741,10699,10703,10700,10663,10638,10623,10543,10487,10473,10403,10207,10091,10044,61.1775456,22.6994439
Humppila,2707,2686,2652,2680,2690,2679,2657,2596,2593,2590,2586,2626,2610,2584,2595,2600,2582,2566,2537,2524,2506,2503,2496,2463,2440,2388,2345,2290,2235,2184,60.9220081,23.3670720
Hyrynsalmi,4066,4033,3993,3997,3940,3906,3851,3730,3663,3575,3486,3371,3299,3212,3148,3096,3015,2967,2877,2791,2736,2672,2603,2565,2490,2422,2406,2326,2287,2271,64.6772599,28.4907050
Hyvinkaa,40194,40351,40634,40965,41089,41203,41379,41685,42011,42325,42545,42736,42997,43169,43523,43848,44310,44652,44987,45270,45489,45527,45592,46188,46366,46463,46596,46739,46504,46470,60.6310168,24.8611243
Hameenkyro,9511,9505,9616,9677,9676,9736,9722,9806,9881,9904,9897,9915,9939,10009,10089,10186,10238,10276,10327,10436,10489,10533,10500,10582,10610,10667,10681,10599,10510,10404,61.6409224,23.1957148
Hameenlinna,61222,61586,61722,61755,61955,62080,62183,62403,62571,62950,63033,63207,63539,63779,64111,64271,64905,65421,66131,66455,66829,67270,67497,67806,67976,68011,67850,67662,67532,67633,60.9961743,24.4644249
Ii,8246,8363,8424,8499,8532,8540,8565,8487,8489,8479,8439,8464,8481,8512,8660,8868,8981,9077,9177,9294,9382,9499,9574,9610,9666,9663,9628,9966,9862,9844,65.3226113,25.3749837
Iisalmi,23979,23925,23996,23985,24117,24042,23994,23772,23612,23389,23113,22903,22835,22647,22639,22482,22319,22298,22289,22169,22095,22147,22135,22171,22115,21945,21767,21639,21472,21368,63.5596886,27.1869836
Iitti,7889,7860,7778,7730,7715,7687,7687,7628,7587,7511,7534,7415,7376,7321,7336,7265,7246,7208,7093,7061,7005,7002,6955,6981,6950,6910,6889,6820,6765,6711,60.8908051,26.3386921
Ikaalinen,8219,8219,8174,8163,8164,8074,7968,7934,7842,7795,7744,7715,7612,7607,7569,7547,7511,7483,7453,7424,7428,7375,7346,7303,7298,7207,7128,7119,7003,6942,61.7682511,23.0745909
Ilmajoki,12097,12127,12124,12134,12077,12005,11944,11843,11805,11791,11832,11752,11744,11720,11517,11496,11532,11635,11680,11744,11841,11898,12022,12099,12181,12159,12167,12205,12187,12269,62.7335413,22.5774755
Ilomantsi,8054,7999,7981,7954,7907,7832,7708,7633,7493,7274,7129,6939,6804,6690,6538,6422,6313,6203,6052,6022,5883,5834,5693,5614,5504,5336,5237,5128,4973,4857,62.6728508,30.9267973
Imatra,33566,33228,32901,32558,32302,32057,31754,31508,31244,30867,30663,30421,30230,29969,29728,29529,29385,29155,28899,28676,28540,28472,28294,28219,28037,27835,27517,27269,26932,26508,61.1715273,28.7692245
Inari,7559,7681,7802,7874,7855,7851,7783,7719,7555,7452,7360,7268,7217,7153,7084,7043,6986,6954,6866,6863,6778,6754,6732,6794,6814,6804,6825,6869,6930,6907,68.9054697,27.0176022
Inkoo,4723,4813,4848,4834,4835,4800,4813,4850,4844,4838,4873,4975,5034,5080,5152,5310,5378,5460,5575,5609,5546,5561,5538,5562,5560,5541,5585,5481,5403,5386,60.0446640,24.0065746
Isojoki,2896,2863,2888,2893,2893,2860,2835,2835,2798,2747,2694,2661,2643,2619,2592,2552,2540,2518,2458,2406,2400,2354,2290,2257,2198,2123,2079,2032,1976,1951,62.1151371,21.9584784
Isokyro,5340,5376,5409,5385,5352,5279,5272,5266,5232,5207,5151,5097,5085,5065,5074,5044,5041,5016,4991,4953,4965,4936,4886,4854,4842,4785,4712,4673,4601,4522,63.0001030,22.3182114
Janakkala,15301,15445,15502,15480,15509,15462,15346,15381,15359,15409,15419,15401,15483,15517,15661,15871,16115,16405,16589,16795,16892,16960,16921,16842,16840,16853,16709,16607,16447,16413,60.9218460,24.6477065
Joensuu,67363,68184,68962,69590,70251,70507,70658,70713,70580,70868,71013,71257,71359,71800,71991,72292,72253,72105,72433,72704,73305,73758,74168,74471,75041,75514,75848,76067,76551,76850,62.6020792,29.7596792
Jokioinen,5573,5581,5619,5661,5610,5675,5704,5755,5733,5659,5677,5663,5641,5672,5731,5754,5725,5768,5767,5753,5720,5676,5643,5595,5516,5425,5341,5286,5195,5133,60.8051628,23.4900852
Jomala,3025,3069,3102,3129,3150,3156,3175,3195,3250,3288,3328,3356,3433,3444,3508,3614,3664,3774,3917,4022,4098,4249,4355,4424,4560,4648,4757,4859,5032,5233,60.1504341,19.9525663
Joroinen,6407,6399,6358,6339,6306,6223,6158,6092,6019,5937,5880,5822,5752,5723,5645,5619,5596,5495,5476,5423,5394,5342,5291,5213,5178,5110,5039,4917,4812,4767,62.1795060,27.8264218
Joutsa,5920,6043,5986,6006,5927,5859,5831,5777,5687,5565,5450,5391,5343,5268,5210,5213,5187,5180,5122,5093,5053,4958,4898,4857,4782,4688,4673,4567,4467,4377,61.7402712,26.1109812
Juuka,7317,7329,7314,7247,7149,7065,6961,6913,6764,6677,6583,6486,6372,6238,6177,6034,5940,5832,5762,5705,5589,5453,5324,5203,5140,5034,4938,4817,4709,4606,63.2398597,29.2543258
Juupajoki,2525,2530,2521,2513,2491,2452,2417,2413,2388,2400,2371,2308,2248,2252,2275,2224,2205,2206,2173,2116,2094,2046,2023,2039,2033,1988,1957,1904,1884,1844,61.7979132,24.3699741
Juva,8435,8381,8334,8327,8275,8172,8055,7985,7852,7827,7671,7541,7449,7446,7403,7369,7324,7213,7135,7064,6962,6902,6783,6684,6616,6548,6421,6334,6225,6116,61.8974725,27.8573356
Jyvaskyla,103921,105037,106233,107103,108471,109657,111099,112353,113478,114848,116519,118380,119620,121245,122974,124205,125221,126546,128028,129623,130816,132062,133482,134658,135780,137368,138850,140188,141305,142400,62.2416776,25.7494981
Jamijarvi,2421,2402,2398,2421,2417,2399,2391,2356,2359,2351,2308,2286,2276,2246,2226,2183,2161,2149,2103,2063,2041,2003,1986,1971,1997,1948,1915,1867,1809,1739,61.8202216,22.6910246
Jamsa,26005,26127,26192,26248,26105,25945,25860,25673,25439,25232,25023,24896,24761,24621,24509,24327,23612,23398,23167,22949,22691,22507,22354,22138,21808,21542,21259,20877,20607,20182,61.8642566,25.1902314
Jarvenpaa,31525,32446,33238,34005,34282,34436,34438,34768,35133,35459,35915,36380,36602,37114,37328,37505,37629,37989,38288,38708,38680,38966,39646,39953,40390,40900,41529,42572,43410,43711,60.4810983,25.1007474
Kaarina,24390,24632,24949,25277,25339,25457,25567,25676,25929,26359,26746,27287,27535,27846,28404,28967,29462,29928,30347,30760,30911,31081,31363,31798,32148,32590,32738,33099,33458,33937,60.4076208,22.3710049
Kaavi,4230,4222,4223,4197,4146,4085,4054,4007,3932,3866,3776,3700,3660,3651,3630,3596,3552,3490,3457,3429,3377,3385,3315,3261,3214,3194,3154,3048,2990,2893,62.9749767,28.4808381
Kajaani,39577,39671,39801,39865,39854,39827,39748,39450,39401,39238,38912,38739,38562,38345,38318,38217,38027,38089,38132,38211,38157,38045,37973,37868,37791,37622,37521,37239,36973,36709,64.2267339,27.7280466
Kalajoki,12728,12780,12850,12855,12864,12814,12705,12617,12496,12451,12376,12275,12219,12231,12265,12282,12318,12487,12535,12540,12562,12616,12625,12644,12632,12621,12586,12516,12387,12373,64.2604303,23.9491560
Kangasala,24407,24634,24826,25105,25056,25106,25046,25119,25133,25285,25630,25922,26341,26778,27303,27927,28407,28809,29282,29522,29675,29891,30126,30345,30471,30607,31190,31437,31676,31868,61.4632005,24.0671650
Kangasniemi,7266,7228,7267,7191,7134,7081,7065,6975,6881,6730,6679,6587,6494,6419,6315,6251,6215,6131,6091,6024,5964,5865,5839,5801,5693,5628,5603,5549,5452,5356,61.9886444,26.6424730
Kankaanpaa,13532,13491,13600,13580,13510,13466,13381,13305,13261,13159,13018,13001,12848,12782,12692,12618,12578,12405,12314,12224,12135,12078,11957,11972,11883,11769,11637,11585,11471,11286,61.8033576,22.3951625
Kannonkoski,1947,1923,1917,1891,1882,1857,1812,1801,1783,1759,1741,1689,1664,1634,1630,1627,1645,1610,1609,1587,1577,1544,1553,1520,1475,1462,1424,1408,1353,1339,62.9765734,25.2634306
Kannus,6126,6168,6174,6254,6291,6308,6270,6250,6234,6175,6106,6047,6047,5978,5961,5937,5892,5844,5745,5793,5737,5697,5736,5675,5643,5590,5578,5520,5502,5464,63.9017454,23.9150542
Karijoki,1982,1943,1964,1979,1952,1918,1884,1866,1840,1797,1760,1736,1707,1686,1693,1673,1617,1579,1574,1529,1521,1527,1514,1462,1409,1369,1349,1329,1274,1245,62.3084175,21.7048985
Karkkila,8925,9077,9033,8887,8699,8609,8556,8591,8659,8741,8753,8746,8765,8764,8802,8807,8920,8996,9076,9109,9209,9190,9119,9074,8977,8969,8911,8900,8778,8714,60.5349345,24.2082113
Karstula,5610,5594,5598,5554,5517,5467,5442,5364,5302,5261,5137,5039,4957,4904,4858,4801,4739,4691,4618,4564,4507,4462,4376,4343,4286,4268,4232,4146,4031,3949,62.8766038,24.8005048
Karvia,3342,3326,3338,3315,3297,3272,3212,3167,3109,3059,3008,2974,2954,2914,2875,2825,2779,2776,2728,2672,2643,2599,2545,2523,2491,2475,2449,2403,2390,2342,62.1385361,22.5625601
Kaskinen,1780,1745,1736,1706,1651,1596,1571,1536,1534,1503,1564,1552,1543,1558,1519,1482,1505,1485,1478,1442,1429,1404,1382,1350,1324,1285,1296,1274,1262,1246,62.3828718,21.2253923
Kauhajoki,15643,15704,15663,15602,15542,15420,15303,15251,15095,15028,14831,14716,14676,14596,14544,14465,14457,14428,14379,14384,14269,14191,14167,14081,14007,13875,13772,13610,13375,13184,62.4250881,22.1772438
Kauhava,20231,20152,20177,20103,20054,19877,19752,19525,19328,19226,18967,18788,18606,18495,18453,18248,18077,17974,17773,17545,17308,17265,17202,17065,16908,16784,16599,16278,16022,15726,63.1009200,23.0652443
Kauniainen,7889,7948,8233,8268,8305,8298,8464,8515,8530,8549,8532,8543,8582,8622,8465,8457,8469,8511,8545,8617,8689,8807,8910,9101,9357,9486,9397,9624,9615,9797,60.2106404,24.7277527
Kaustinen,4500,4518,4549,4574,4566,4578,4510,4522,4508,4437,4414,4438,4432,4432,4393,4348,4332,4298,4313,4298,4302,4280,4287,4288,4283,4305,4298,4309,4273,4261,63.5480906,23.6998785
Keitele,3309,3306,3311,3284,3250,3201,3162,3086,3044,3005,2972,2943,2916,2831,2803,2760,2692,2642,2618,2563,2542,2524,2476,2427,2398,2379,2346,2309,2244,2202,63.1795891,26.3499491
Kemi,25374,25244,25121,25095,24936,24696,24633,24485,24122,23967,23689,23424,23236,23056,22907,22831,22771,22669,22594,22580,22537,22399,22257,22120,21929,21758,21602,21256,21021,20707,65.7336354,24.5634155
Kemijarvi,12331,12257,12103,12053,11987,11775,11628,11368,11036,10743,10484,10138,9936,9759,9529,9293,9065,8882,8658,8519,8418,8295,8093,7983,7892,7766,7661,7534,7370,7274,66.7150185,27.4305775
Keminmaa,9143,9258,9395,9460,9402,9411,9350,9266,9199,9027,8930,8861,8898,8889,8863,8926,8829,8712,8636,8606,8573,8572,8585,8565,8469,8388,8316,8296,8147,8079,65.7989813,24.5426291
Kemionsaari,8371,8325,8262,8199,8134,8041,7975,7836,7751,7709,7663,7619,7560,7529,7491,7462,7425,7383,7303,7298,7191,7173,7075,7012,6943,6909,6872,6793,6724,6640,60.1638452,22.7289342
Kempele,9807,10076,10388,10527,10635,10791,10921,11256,11665,12087,12551,12877,13229,13633,13982,14475,14917,15218,15320,15652,15864,16182,16383,16605,16889,17066,17297,17535,17923,18355,64.9126721,25.5099518
Kerava,27597,28006,28445,28933,29298,29385,29540,29830,29914,30137,30270,30482,30709,31170,31361,31544,32305,33181,33546,33833,34282,34549,34491,34913,35317,35293,35511,35554,36254,36756,60.4048687,25.1035487
Keuruu,12663,12690,12655,12539,12468,12405,12345,12288,12116,11974,11870,11705,11510,11395,11260,11180,11005,10919,10896,10757,10666,10574,10488,10310,10177,10117,9992,9919,9762,9605,62.2602088,24.7064483
Kihnio,2761,2752,2701,2688,2666,2626,2566,2536,2498,2455,2433,2392,2392,2408,2366,2353,2305,2280,2223,2257,2226,2179,2147,2111,2080,2038,1994,1967,1910,1865,62.2031763,23.1778110
Kinnula,2307,2321,2331,2321,2302,2272,2254,2257,2228,2165,2117,2072,2015,1977,1940,1933,1901,1864,1852,1820,1821,1816,1764,1769,1766,1745,1699,1656,1615,1620,63.3672711,24.9699576
Kirkkonummi,25366,26062,26539,26906,27046,27316,27836,28293,28850,29275,29694,30274,30937,31695,32772,33581,34389,35141,35981,36509,36942,37192,37567,37899,38220,38649,39033,39170,39262,39586,60.1206579,24.4389130
Kitee,14514,14484,14466,14404,14299,14129,13967,13815,13628,13474,13283,13127,12957,12774,12589,12462,12316,12207,12010,11861,11666,11515,11341,11197,10986,10832,10719,10486,10358,10136,62.0966905,30.1453862
Kittila,6167,6208,6288,6256,6228,6205,6090,6004,5994,5901,5819,5820,5797,5820,5833,5840,5887,5967,6039,6115,6183,6279,6388,6478,6470,6416,6383,6421,6436,6453,67.6531278,24.9114374
Kiuruvesi,11415,11411,11363,11345,11288,11179,10993,10851,10595,10503,10358,10187,10074,9988,9864,9745,9639,9515,9400,9318,9157,9063,8989,8866,8752,8600,8444,8283,8153,7998,63.6514621,26.6224899
Kivijarvi,2002,1983,1902,1874,1840,1810,1777,1717,1648,1628,1610,1568,1514,1489,1452,1424,1441,1402,1363,1365,1364,1334,1303,1259,1244,1200,1161,1132,1103,1096,63.1229248,25.0709680
Kokemaki,9483,9418,9386,9319,9266,9145,9095,9016,8908,8816,8714,8605,8555,8456,8420,8365,8277,8217,8148,8080,7987,7922,7893,7769,7702,7591,7498,7381,7226,7103,61.2561363,22.3504591
Kokkola,43267,43537,43797,44167,44476,44441,44333,44337,44267,44177,44182,44048,44093,44168,44296,44627,44874,45348,45644,45896,46260,46585,46773,47031,47278,47570,47723,47723,47657,47681,63.8375830,23.1319616
Kolari,4721,4719,4698,4675,4579,4486,4360,4244,4118,4061,3981,3908,3911,3871,3862,3828,3792,3796,3860,3854,3839,3836,3853,3885,3840,3848,3827,3854,3834,3846,67.3317182,23.7889740
Konnevesi,3435,3451,3410,3402,3418,3388,3343,3331,3288,3259,3217,3218,3197,3175,3154,3099,3057,3027,2978,2971,2963,2924,2904,2846,2831,2757,2753,2748,2698,2627,62.6273341,26.2894572
Kontiolahti,10450,10645,10712,10820,10768,10831,11001,11114,11228,11335,11517,11759,11930,12103,12339,12768,12996,13326,13490,13677,13722,14000,14245,14422,14681,14827,14806,14830,14849,14821,62.7664653,29.8444077
Korsnas,2310,2321,2338,2283,2305,2302,2309,2287,2267,2266,2246,2237,2227,2219,2199,2208,2205,2240,2219,2239,2260,2249,2232,2218,2219,2201,2171,2154,2122,2077,62.7850522,21.1887280
Koski Tl,2803,2788,2769,2744,2712,2685,2649,2633,2600,2572,2550,2553,2553,2559,2545,2528,2511,2485,2470,2450,2436,2441,2450,2423,2438,2399,2416,2359,2340,2308,60.6529819,23.1373673
Kotka,56634,56515,56462,56267,56087,55903,56009,55769,55551,55238,54846,54768,54622,54618,54759,54838,54607,54679,54694,54775,54824,54831,54873,54771,54518,54319,54187,53539,52883,52126,60.4655207,26.9411526
Kouvola,94352,94740,94877,94789,94453,94138,93508,92949,92615,92129,91550,91226,90861,90497,90227,89924,89397,88813,88436,88174,88072,87567,87296,86926,86453,85855,85306,84196,83177,82113,60.8668252,26.7055981
Kristiinankaupunki,8839,8870,8838,8735,8664,8685,8634,8484,8348,8252,8084,8006,7934,7836,7760,7662,7514,7389,7262,7254,7157,7096,7055,7001,6845,6793,6727,6638,6596,6486,62.2747421,21.3785470
Kruunupyy,7054,7079,7067,7115,7057,7025,6992,6933,6887,6868,6846,6803,6809,6794,6811,6800,6700,6716,6716,6720,6731,6681,6666,6682,6662,6682,6620,6531,6509,6428,63.7278177,23.0337718
Kuhmo,12878,12805,12746,12662,12513,12356,12163,11913,11574,11348,11167,10951,10767,10630,10449,10271,10072,9943,9798,9636,9492,9334,9240,9104,8950,8806,8647,8499,8329,8190,64.1252886,29.5243675
Kuhmoinen,3428,3362,3327,3320,3285,3209,3148,3096,3053,3023,2973,2948,2917,2880,2838,2805,2731,2703,2639,2589,2554,2505,2438,2409,2374,2334,2286,2252,2238,2206,61.5624259,25.1756656
Kumlinge,465,453,444,445,442,439,441,440,436,431,405,404,399,387,371,355,359,366,360,372,364,361,338,330,328,317,308,314,315,314,60.2596924,20.7783131
Kuopio,104675,105619,106445,107032,107654,108199,108492,108854,108915,108976,108890,109338,109539,109849,110025,110208,110417,110713,111218,111799,112336,112919,114055,115108,116171,116921,117740,118209,118664,119282,62.8929829,27.6889347
Kuortane,4863,4916,4894,4909,4877,4809,4694,4596,4570,4534,4457,4414,4366,4282,4230,4185,4167,4073,4019,3983,3943,3906,3849,3819,3727,3715,3690,3637,3572,3551,62.8074106,23.5063930
Kurikka,26566,26449,26367,26310,26167,25871,25632,25313,24962,24697,24406,24165,24069,24001,23820,23650,23476,23423,23092,22903,22811,22625,22466,22309,22073,21734,21501,21203,20952,20678,62.6188939,22.3987737
Kustavi,1150,1146,1129,1100,1074,1067,1057,1034,1020,1019,1008,980,973,953,941,930,912,901,910,881,874,886,889,869,892,895,908,923,926,949,60.5467146,21.3588816
Kuusamo,18126,18281,18447,18561,18687,18687,18632,18427,18197,17891,17729,17634,17580,17394,17193,17113,17000,16899,16775,16669,16492,16373,16167,15952,15823,15688,15533,15386,15207,15134,65.9644249,29.1886160
Kyyjarvi,1996,1985,1959,1967,1966,1947,1940,1901,1870,1827,1793,1777,1777,1739,1693,1646,1612,1575,1558,1536,1508,1503,1469,1431,1399,1379,1375,1352,1343,1313,63.0434109,24.5664373
Karkola,5343,5405,5387,5390,5339,5279,5205,5141,5048,5010,5048,4978,4948,4990,5019,4974,4953,4926,4927,4875,4882,4798,4772,4755,4647,4604,4540,4508,4451,4368,60.8683764,25.2733771
Karsamaki,3582,3603,3585,3594,3587,3539,3431,3381,3342,3238,3207,3154,3106,3107,3091,3025,3000,2986,2970,2918,2872,2819,2760,2721,2696,2658,2655,2611,2613,2576,63.9805870,25.7596674
Kokar,296,303,303,300,318,314,320,321,318,312,296,292,307,293,296,303,298,284,262,261,259,249,245,251,254,250,246,236,236,232,59.9202783,20.9083727
Lahti,108272,108709,109022,109302,109767,110038,110275,110636,110976,111423,111656,112141,112652,112991,113070,113203,113637,114315,115124,115919,116582,117335,118098,118349,118644,118743,119452,119573,119951,119823,60.9803805,25.6549879
Laihia,7604,7625,7684,7659,7627,7576,7498,7453,7463,7449,7414,7443,7532,7471,7522,7564,7665,7664,7692,7794,7870,7933,7993,8007,8068,8090,8139,8051,8058,8017,62.9779567,22.0111731
Laitila,9342,9355,9279,9261,9169,9128,8994,8933,8897,8870,8821,8779,8685,8581,8569,8569,8526,8484,8470,8442,8440,8408,8460,8487,8542,8520,8520,8610,8647,8588,60.8758603,21.6902333
Lapinjarvi,3306,3361,3269,3244,3238,3139,3104,3090,3074,3058,3011,2995,2981,2977,2979,2937,2945,2929,2934,2926,2872,2848,2829,2820,2779,2774,2739,2706,2665,2606,60.6243634,26.2014054
Lapinlahti,11569,11637,11653,11635,11541,11511,11416,11318,11222,11153,11082,10953,10804,10748,10683,10581,10618,10542,10555,10477,10412,10386,10289,10176,10093,9982,9882,9692,9617,9485,63.3645177,27.3874154
Lappajarvi,4505,4478,4484,4472,4442,4380,4339,4259,4199,4134,4051,3945,3853,3792,3746,3670,3608,3564,3517,3495,3440,3436,3383,3317,3259,3215,3176,3140,3078,2996,63.2176028,23.6328499
Lappeenranta,68662,69091,69196,69356,69800,69850,70043,70227,70223,70256,70587,70918,71101,71223,71301,71435,71440,71475,71740,71814,71982,72133,72424,72658,72794,72875,72872,72909,72699,72634,61.0587497,28.1876899
Lapua,14579,14576,14566,14628,14580,14488,14400,14302,14277,14198,14055,13955,13998,14002,14012,14081,14100,14178,14234,14326,14428,14530,14650,14692,14733,14609,14575,14494,14427,14278,62.9701686,23.0075703
Laukaa,15730,16031,16231,16282,16340,16352,16409,16488,16544,16467,16548,16634,16756,16929,17068,17193,17385,17609,17763,17975,18142,18286,18481,18588,18709,18865,18970,18978,18927,18903,62.4135280,25.9577773
Lemi,3141,3128,3150,3214,3205,3147,3117,3136,3146,3130,3137,3149,3121,3137,3109,3107,3052,3056,3059,3041,3064,3068,3059,3130,3116,3073,3076,3063,3043,2971,61.0615229,27.8049605
Lemland,1269,1333,1363,1374,1391,1443,1458,1506,1537,1553,1585,1618,1670,1662,1694,1695,1731,1773,1783,1782,1814,1860,1883,1926,1943,1991,2012,2028,2033,2053,60.0684535,20.0995993
Lempaala,14564,14767,14892,15106,15272,15395,15386,15568,15705,15964,16331,16761,17098,17397,17733,18248,18702,19271,19753,20178,20588,20888,21440,21829,22233,22536,22745,22829,23206,23523,61.3125256,23.7557481
Leppavirta,11670,11678,11742,11731,11649,11592,11508,11429,11285,11208,11085,11073,11044,11038,10970,10967,10921,10885,10760,10633,10556,10405,10274,10170,10015,9953,9865,9782,9650,9454,62.4918290,27.7886630
Lestijarvi,1114,1098,1110,1112,1113,1123,1110,1093,1063,1030,1040,1002,982,973,956,955,942,904,881,860,853,847,835,818,817,798,811,789,737,719,63.5248017,24.6658033
Lieksa,17527,17396,17300,17189,16949,16752,16397,16158,15827,15479,15208,14985,14657,14396,14080,13722,13505,13181,12918,12788,12687,12585,12399,12303,12117,11772,11580,11297,11098,10884,63.3178045,30.0280968
Lieto,14094,14220,14516,14600,14683,14635,14830,15052,15373,15775,16090,16301,16537,16726,16943,17063,17367,17549,17713,17981,18205,18634,18982,19128,19209,19263,19418,19596,19831,19994,60.5068762,22.4559328
Liminka,4822,5013,5204,5325,5421,5516,5561,5606,5585,5639,5735,5910,6186,6475,7039,7484,7963,8399,8576,8861,9037,9164,9432,9577,9740,9937,10000,10133,10161,10191,64.8097947,25.4119462
Liperi,11500,11516,11664,11656,11656,11708,11684,11671,11553,11481,11479,11430,11426,11471,11641,11750,11850,11940,12056,12133,12271,12286,12397,12396,12335,12338,12301,12150,12145,12084,62.5344809,29.3678619
Lohja,41632,41977,42087,42295,42340,42499,42416,42613,42850,43338,43786,44120,44249,44674,44863,45361,45747,46180,46627,46963,47341,47374,47516,47703,47624,47353,47149,46785,46296,45965,60.2509162,24.0657820
Loimaa,18457,18418,18394,18246,18148,18042,17964,17851,17748,17638,17585,17560,17414,17363,17365,17300,17256,17177,17102,17005,16916,16848,16737,16700,16607,16467,16267,16150,16032,15875,60.8513622,23.0585938
Loppi,7405,7527,7571,7592,7588,7506,7503,7533,7557,7501,7578,7579,7630,7732,7823,7964,8006,8122,8146,8244,8273,8377,8336,8341,8291,8175,8098,8028,7861,7828,60.7175564,24.4435662
Loviisa,16970,16934,16856,16676,16517,16347,16219,16075,16022,15920,15833,15712,15659,15633,15668,15683,15749,15765,15694,15549,15595,15552,15519,15493,15480,15311,15208,15085,14891,14772,60.4577329,26.2236603
Luhanka,1165,1146,1146,1089,1070,1054,1005,980,963,956,936,917,915,905,893,881,847,852,837,834,831,802,773,763,761,761,756,734,707,690,61.7968055,25.7038253
Lumijoki,1575,1626,1657,1638,1663,1684,1650,1694,1691,1683,1686,1698,1741,1767,1798,1856,1890,1895,1941,1994,1994,2037,2059,2084,2074,2076,2105,2081,2052,2020,64.8376171,25.1871259
Lumparland,322,325,329,333,333,334,339,349,367,358,377,381,367,383,379,387,387,387,387,391,394,399,392,413,418,398,385,395,382,366,60.1174024,20.2588921
Luoto,3664,3741,3814,3847,3907,3915,3948,4047,4025,4055,4111,4128,4181,4251,4323,4393,4473,4572,4651,4719,4816,4921,4966,5065,5107,5147,5176,5264,5340,5417,63.7554943,22.7466849
Luumaki,5659,5639,5655,5594,5498,5454,5424,5461,5398,5328,5328,5371,5357,5299,5274,5297,5216,5200,5179,5179,5147,5119,5022,4992,4949,4860,4831,4747,4662,4636,60.9209246,27.5597401
Maalahti,5939,5932,5896,5899,5878,5823,5839,5765,5750,5661,5638,5602,5583,5549,5554,5542,5519,5515,5549,5614,5605,5614,5586,5580,5573,5545,5517,5477,5477,5475,62.9429100,21.5528514
Maarianhamina,10263,10310,10338,10406,10429,10418,10399,10408,10534,10492,10488,10609,10632,10626,10712,10780,10824,10902,11005,11123,11190,11262,11345,11393,11479,11461,11565,11677,11743,11679,60.1015208,19.9422678
Marttila,2282,2289,2278,2288,2234,2206,2163,2168,2144,2123,2135,2093,2102,2081,2097,2064,2073,2035,2030,2019,1994,1998,2017,2056,2070,2028,2021,1988,2018,2013,60.5854119,22.8989672
Masku,6887,7034,7200,7370,7422,7399,7410,7490,7462,7589,7763,7928,8100,8264,8410,8606,8779,9093,9383,9516,9455,9585,9671,9729,9767,9706,9675,9656,9554,9534,60.5709919,22.0986881
Merijarvi,1470,1473,1471,1468,1432,1437,1447,1410,1413,1398,1370,1339,1336,1312,1303,1273,1264,1239,1187,1209,1202,1199,1176,1153,1150,1134,1131,1119,1104,1089,64.2977180,24.4418481
Merikarvia,4187,4173,4174,4204,4134,4088,4019,3973,3949,3870,3811,3774,3717,3656,3649,3582,3494,3455,3437,3411,3347,3304,3269,3226,3246,3185,3169,3156,3115,3067,61.8603396,21.5054300
Miehikkala,2787,2789,2752,2751,2743,2688,2662,2645,2605,2574,2540,2547,2538,2502,2447,2433,2413,2370,2297,2278,2210,2169,2177,2145,2123,2085,2034,1992,1940,1857,60.6692244,27.6963663
Mikkeli,54404,54742,54982,55198,55386,55563,55472,55424,55303,55212,55222,55074,54908,54826,54760,54728,54719,54521,54440,54435,54455,54530,54519,54635,54605,54665,54517,54261,53818,53134,61.6877268,27.2732243
Muhos,7517,7651,7730,7864,7828,7875,7813,7822,7834,7796,7799,7811,7919,7969,8191,8240,8472,8646,8751,8856,8857,8909,8948,8998,8986,9063,8995,9019,8980,8908,64.8089185,25.9900500
Multia,2407,2380,2357,2352,2271,2229,2219,2200,2187,2170,2153,2109,2079,2065,2036,2020,1994,1963,1953,1919,1890,1847,1816,1777,1763,1710,1663,1636,1584,1566,62.4086975,24.7946213
Muonio,2846,2820,2793,2806,2758,2698,2670,2629,2584,2565,2512,2474,2460,2465,2442,2418,2403,2363,2360,2377,2401,2369,2394,2383,2375,2358,2350,2332,2299,2308,67.9592753,23.6772232
Mustasaari,16123,16144,16249,16261,16294,16307,16321,16445,16527,16521,16614,16748,16865,17028,17240,17369,17641,17936,18112,18338,18637,18868,19012,19153,19287,19302,19380,19384,19444,19448,63.1140541,21.6807451
Muurame,6580,6834,6996,7074,7157,7254,7444,7642,7844,7906,8101,8264,8407,8510,8597,8672,8881,8990,9178,9231,9256,9438,9569,9572,9700,9791,9941,10097,10170,10164,62.1305088,25.6735650
Mynamaki,7667,7738,7848,7906,7893,7871,7836,7813,7867,7839,7870,7906,7947,8009,8046,8058,8009,8031,8026,8039,8041,8044,7978,7950,7917,7859,7842,7838,7766,7654,60.6787327,21.9875065
Myrskyla,2098,2066,2065,2054,2051,2040,2021,2011,2022,2036,2004,1974,1992,2012,2036,2033,2050,2026,2010,2021,2006,2008,1992,1987,1985,1969,1986,1969,1922,1882,60.6704396,25.8521021
Mantsala,14774,15051,15296,15462,15567,15651,15703,15837,15986,16363,16628,16908,17203,17473,17899,18226,18650,18980,19432,19747,19975,20131,20478,20534,20621,20685,20853,20803,20686,20721,60.6360849,25.3202046
Mantta-Vilppula,14049,13858,13815,13624,13449,13412,13382,13250,13112,12933,12738,12612,12379,12270,12124,11982,11881,11767,11645,11496,11413,11308,11122,10898,10723,10604,10448,10256,9983,9855,62.0369487,24.5530955
Mantyharju,7774,7729,7659,7588,7550,7498,7468,7382,7300,7202,7131,7120,7061,7013,6915,6862,6701,6647,6570,6475,6456,6393,6356,6287,6266,6159,6097,6054,5924,5791,61.4182809,26.8753556
Naantali,14622,14919,15059,15470,15697,15854,16103,16269,16496,16630,16743,17009,17100,17437,17563,17788,17987,18117,18391,18544,18807,18871,18824,18859,18871,18961,19068,19167,19245,19314,60.4677092,22.0182247
Nakkila,6396,6351,6312,6313,6278,6186,6162,6168,6155,6111,6094,6019,5964,5941,5859,5832,5768,5758,5782,5716,5788,5780,5747,5706,5651,5651,5548,5521,5437,5329,61.3669021,22.0040758
Nivala,11249,11343,11374,11432,11410,11379,11343,11308,11234,11151,11079,11022,10919,10901,10839,10889,10950,10976,10984,11023,11025,11051,10985,10942,10945,10876,10889,10815,10737,10639,63.9296377,24.9539437
Nokia,26063,26173,26187,26318,26318,26287,26326,26476,26499,26691,26905,27298,27653,28090,28604,29147,29740,30485,30951,31357,31647,32056,32354,32690,32847,33162,33210,33322,33527,33929,61.4787737,23.5084994
Nousiainen,3996,4046,4090,4087,4076,4104,4087,4108,4116,4159,4189,4203,4269,4333,4425,4518,4633,4763,4809,4824,4865,4814,4846,4872,4844,4859,4815,4813,4733,4715,60.5991148,22.0821803
Nurmes,14581,14506,14427,14337,14232,14088,13799,13471,13245,13009,12783,12573,12307,12115,11962,11822,11538,11357,11182,11055,10966,10796,10729,10570,10444,10320,10130,9983,9784,9552,63.5442663,29.1329955
Nurmijarvi,28129,28684,29246,29576,29921,30014,30347,30880,31543,32335,33104,34029,34791,35922,36568,37391,38006,38633,39018,39628,39937,40349,40719,41178,41577,41897,42010,42159,42665,42993,60.4608061,24.8073692
Narpio,10490,10426,10350,10298,10296,10234,10166,10066,9953,9856,9769,9632,9651,9575,9515,9463,9432,9443,9505,9464,9435,9412,9380,9335,9389,9387,9439,9507,9471,9479,62.4732934,21.3367183
Orimattila,15805,15976,16125,16087,15976,15909,15796,15841,15735,15658,15629,15772,15872,15903,15948,16154,16205,16205,16276,16353,16309,16369,16300,16347,16288,16326,16279,16221,16091,16003,60.8040221,25.7342885
Oripaa,1414,1424,1417,1402,1399,1388,1347,1329,1344,1359,1342,1317,1326,1346,1343,1335,1332,1362,1393,1403,1414,1422,1434,1423,1417,1377,1363,1382,1364,1329,60.8563503,22.6974112
Orivesi,9196,9181,9174,9185,9139,9012,8996,8948,8950,8898,8886,8917,8902,8839,8890,8929,9486,9555,9632,9634,9617,9590,9571,9630,9579,9408,9312,9285,9221,9158,61.6774071,24.3573894
Oulainen,8324,8400,8382,8445,8465,8444,8387,8319,8296,8267,8203,8188,8219,8198,8129,8101,8086,7998,8047,7931,7889,7916,7847,7772,7725,7610,7514,7472,7430,7288,64.2665701,24.8162319
Oulu,136029,137586,139414,140870,143257,146395,149136,151397,153883,156917,160851,164224,166415,168549,170912,173436,175286,177276,179901,182528,185419,188114,190847,193798,196291,198525,200526,201810,203567,205489,65.0137848,25.4720990
Outokumpu,9307,9258,9136,9057,8991,8887,8832,8638,8557,8343,8155,8024,7955,7840,7803,7758,7743,7688,7551,7492,7411,7377,7343,7262,7172,7139,7091,7003,6803,6688,62.7260244,29.0154234
Padasjoki,4400,4380,4342,4322,4253,4178,4093,4072,4028,3988,3879,3842,3746,3721,3637,3639,3597,3531,3513,3448,3423,3369,3333,3279,3197,3143,3073,3027,2963,2896,61.3514084,25.2776107
Paimio,9614,9700,9767,9795,9810,9832,9745,9706,9726,9797,9815,9792,9880,9791,9808,9876,10000,10010,10145,10334,10402,10471,10591,10590,10628,10620,10713,10730,10832,10850,60.4554106,22.6911468
Paltamo,5056,4994,4946,4895,4814,4760,4720,4653,4600,4530,4420,4348,4217,4220,4219,4183,4093,4071,3998,3917,3884,3807,3743,3620,3564,3488,3491,3435,3336,3273,64.4094472,27.8321629
Parainen,15712,15733,15743,15730,15646,15583,15517,15502,15406,15372,15295,15269,15241,15281,15283,15298,15368,15373,15405,15490,15501,15505,15561,15507,15494,15457,15398,15285,15217,15132,60.2991249,22.3023017
Parikkala,7893,7782,7651,7560,7395,7250,7127,7019,6911,6832,6653,6579,6468,6353,6271,6227,6151,6070,6007,5885,5787,5664,5591,5509,5373,5235,5126,4969,4842,4734,61.5551296,29.5010658
Parkano,8446,8425,8403,8374,8321,8226,8194,8085,7988,7947,7807,7758,7620,7499,7471,7340,7213,7132,7115,7069,6978,6982,6918,6836,6808,6766,6692,6562,6469,6404,62.0106234,23.0210410
Pedersoren kunta,9874,10003,10120,10225,10180,10131,10162,10171,10194,10150,10258,10260,10310,10406,10511,10566,10623,10665,10757,10821,10893,10937,10940,10970,11060,11129,11067,11084,11016,11081,63.6012334,22.7912893
Pelkosenniemi,1533,1483,1451,1431,1406,1378,1350,1347,1310,1263,1243,1213,1216,1180,1152,1113,1076,1063,1046,1025,1008,973,963,966,947,958,951,958,954,939,67.1091920,27.5128785
Pello,5665,5680,5649,5614,5516,5420,5332,5203,5114,4949,4830,4649,4625,4586,4524,4477,4361,4216,4114,4021,3980,3912,3819,3739,3676,3623,3565,3510,3438,3373,66.7755835,23.9634777
Perho,3381,3402,3426,3438,3414,3391,3360,3317,3281,3230,3155,3101,3070,3038,3005,3044,3004,3017,3020,2986,2934,2910,2923,2923,2893,2931,2907,2860,2825,2759,63.2152745,24.4231630
Pertunmaa,2499,2415,2389,2378,2354,2305,2273,2220,2198,2160,2178,2203,2175,2167,2115,2102,2059,2019,1979,1983,1936,1910,1857,1842,1832,1817,1796,1739,1713,1690,61.5030940,26.4779878
Petajavesi,3789,3821,3802,3811,3788,3760,3738,3770,3790,3766,3780,3758,3721,3691,3682,3703,3748,3859,3887,3979,4022,4065,4095,4125,4081,4008,3981,3920,3900,3841,62.2566637,25.1836065
Pieksamaki,24128,24099,23954,23735,23599,23221,23086,22873,22620,22338,22040,21774,21491,21264,21127,20966,20746,20476,20304,20151,19869,19700,19407,19288,19051,18801,18475,18220,17933,17682,62.2985908,27.1554819
Pielavesi,6677,6656,6665,6588,6521,6508,6437,6287,6170,6059,5916,5822,5747,5633,5550,5482,5367,5292,5249,5147,5087,5006,4926,4824,4787,4740,4697,4624,4498,4391,63.2323485,26.7556060
Pietarsaari,19883,19954,19957,19840,19908,19939,19905,19832,19817,19730,19636,19519,19457,19431,19467,19521,19557,19569,19667,19627,19656,19623,19680,19633,19577,19436,19377,19379,19278,19208,63.6752217,22.7029317
Pihtipudas,5680,5661,5660,5612,5593,5550,5491,5450,5345,5303,5225,5139,5046,4996,4984,4917,4843,4784,4700,4613,4563,4500,4441,4354,4261,4221,4202,4127,4053,4032,63.3703343,25.5746142
Pirkkala,11409,11440,11649,11732,11691,11723,11759,11852,12056,12358,12736,13280,13684,14322,14560,14875,15268,15788,16154,16515,17237,17763,18128,18369,18689,18913,19163,19237,19368,19623,61.4652489,23.6454832
Polvijarvi,6001,6010,5938,5863,5819,5730,5685,5625,5501,5470,5411,5346,5224,5154,5048,5008,4941,4931,4843,4821,4804,4778,4728,4664,4609,4556,4514,4414,4307,4246,62.8568269,29.3696025
Pomarkku,2934,2946,2921,2881,2838,2808,2806,2761,2717,2692,2639,2644,2608,2595,2578,2528,2515,2536,2512,2482,2460,2415,2373,2340,2275,2240,2233,2166,2146,2089,61.6948467,22.0104537
Pori,85348,85497,85419,85503,85616,85620,85560,85370,85139,84850,84573,84439,84306,84561,84491,84455,84456,84523,84614,84844,85026,85078,85201,85399,85418,85363,85059,84587,84403,83934,61.4837263,21.7959001
Pornainen,3237,3396,3477,3645,3693,3714,3792,3861,3972,4041,4131,4186,4339,4433,4569,4760,4851,4914,4975,5067,5107,5122,5137,5145,5148,5125,5108,5121,5068,5035,60.4768984,25.3729323
Porvoo,41930,42361,42649,42868,43050,43315,43656,43791,44142,44616,44969,45403,45730,46217,46793,46982,47404,47832,48227,48599,48768,48833,49028,49426,49728,49928,50144,50159,50262,50380,60.3953719,25.6665595
Posio,5478,5452,5436,5380,5300,5260,5211,5072,4938,4792,4602,4526,4458,4393,4319,4247,4200,4087,4020,3945,3874,3818,3738,3647,3633,3477,3424,3310,3237,3183,66.1097369,28.1739064
Pudasjarvi,11173,11234,11155,11176,11083,10958,10869,10691,10510,10231,10044,9907,9794,9674,9561,9380,9217,9142,9031,8947,8827,8695,8620,8537,8399,8257,8187,8103,7990,7873,65.3609471,26.9992435
Pukkila,1840,1856,1859,1862,1882,1867,1844,1877,1898,1944,1921,1936,1949,1979,1992,2024,2018,2022,2025,2004,2024,2016,2047,2036,2013,1971,1988,1940,1899,1860,60.6453528,25.5804075
Punkalaidun,4138,4119,4103,4086,4001,3931,3891,3851,3809,3770,3743,3655,3615,3552,3523,3450,3423,3405,3373,3333,3281,3236,3203,3173,3117,3049,3003,2949,2896,2828,61.1132729,23.1005421
Puolanka,4620,4530,4491,4438,4352,4286,4221,4151,4031,3953,3846,3706,3602,3560,3472,3408,3337,3225,3183,3123,3063,2997,2931,2878,2824,2776,2735,2669,2597,2528,64.8686587,27.6690711
Puumala,3431,3398,3366,3372,3316,3251,3237,3200,3144,3070,3041,3014,2931,2867,2864,2807,2758,2723,2645,2549,2477,2419,2374,2319,2306,2260,2234,2208,2197,2151,61.5218553,28.1799717
Pyhtaa,5482,5465,5496,5489,5482,5428,5392,5415,5339,5277,5253,5209,5222,5209,5167,5138,5141,5140,5123,5316,5355,5372,5377,5384,5354,5321,5340,5264,5187,5140,60.4922104,26.5448800
Pyhajoki,3765,3786,3839,3866,3876,3875,3807,3769,3702,3672,3617,3564,3578,3554,3502,3478,3430,3400,3353,3373,3393,3361,3311,3356,3290,3211,3188,3189,3146,3077,64.4651635,24.2591971
Pyhajarvi,7663,7605,7605,7563,7493,7404,7316,7191,7058,6860,6734,6600,6445,6321,6285,6271,6244,6124,6081,6001,5946,5887,5849,5731,5562,5505,5446,5337,5248,5131,63.6818354,25.9857756
Pyhanta,2097,2113,2107,2108,2089,2060,2050,1997,1960,1958,1911,1889,1861,1845,1820,1834,1799,1763,1701,1648,1633,1584,1566,1545,1562,1587,1579,1579,1557,1578,64.0994603,26.3299778
Pyharanta,2385,2385,2418,2446,2416,2375,2363,2353,2328,2320,2311,2267,2290,2276,2251,2218,2223,2215,2236,2233,2236,2206,2199,2177,2136,2136,2075,2077,2028,2004,60.9482664,21.4409345
Palkane,6573,6608,6638,6710,6706,6708,6671,6653,6624,6635,6682,6625,6632,6693,6737,6861,6895,6970,6989,7012,6950,6882,6838,6795,6722,6676,6627,6567,6499,6435,61.3368211,24.2704092
Poytya,8465,8513,8559,8572,8514,8478,8470,8364,8376,8365,8332,8303,8304,8340,8339,8371,8351,8405,8397,8459,8494,8474,8569,8590,8619,8562,8503,8422,8333,8276,60.7213693,22.5995376
Raahe,27999,27976,28007,27947,27803,27690,27553,27436,27177,26909,26766,26540,26276,26018,25907,25746,25671,25678,25809,25674,25656,25652,25659,25507,25383,25165,25010,25001,24811,24679,64.6877343,24.4782731
Raasepori,28565,28671,28651,28684,28663,28567,28473,28382,28332,28364,28436,28480,28488,28482,28418,28396,28531,28731,28834,28944,29065,28959,28829,28695,28674,28405,28077,27851,27592,27536,59.9745529,23.4362280
Raisio,21120,21322,21486,21849,22088,22268,22413,22854,22945,23122,23149,23216,23322,23430,23594,23799,23967,24077,24147,24191,24427,24559,24562,24565,24371,24290,24283,24234,24178,24056,60.4860796,22.1710688
Rantasalmi,5191,5153,5132,5084,4970,4908,4833,4826,4745,4647,4587,4534,4514,4435,4409,4371,4321,4261,4145,4076,3996,3949,3921,3872,3815,3733,3649,3553,3514,3431,62.0634133,28.3042299
Ranua,5655,5706,5751,5742,5687,5575,5511,5453,5322,5204,5052,4922,4903,4885,4871,4715,4632,4512,4428,4407,4337,4262,4227,4154,4093,4020,4023,3972,3896,3783,65.9275056,26.5184166
Rauma,42410,42458,42258,42150,42213,42089,41807,41545,41483,41257,41001,40827,40828,40623,40453,40381,40292,40053,39747,39793,39715,39820,39842,39979,39970,39809,39614,39620,39360,39205,61.1287378,21.5111269
Rautalampi,4408,4392,4347,4352,4266,4226,4169,4109,4006,3952,3867,3816,3779,3723,3707,3678,3603,3592,3538,3520,3475,3481,3444,3426,3374,3303,3288,3255,3196,3121,62.6211371,26.8354209
Rautavaara,2977,2928,2908,2876,2826,2779,2705,2632,2558,2469,2377,2301,2240,2182,2137,2090,2061,1988,1949,1918,1872,1848,1813,1784,1768,1737,1723,1698,1651,1602,63.4942103,28.2982230
Rautjarvi,5413,5384,5351,5301,5221,5121,5037,4947,4823,4693,4619,4556,4496,4422,4336,4273,4221,4176,4096,4037,3937,3832,3784,3682,3626,3537,3473,3436,3335,3226,61.4334717,29.3679152
Reisjarvi,3613,3633,3615,3604,3528,3533,3497,3428,3394,3337,3274,3259,3206,3162,3127,3106,3065,3039,2990,3020,2973,2996,2961,2925,2901,2894,2854,2813,2743,2718,63.6043867,24.9378510
Riihimaki,25000,25298,25559,25674,25754,25838,25911,25975,25964,26106,26173,26268,26341,26654,26847,27069,27503,28023,28536,28587,28803,29018,29215,29318,29350,29269,29160,29021,28736,28793,60.7367372,24.7753214
Ristijarvi,2150,2124,2091,2068,2068,2045,1992,1917,1874,1826,1796,1748,1716,1686,1659,1626,1608,1575,1548,1521,1513,1489,1450,1427,1416,1351,1345,1317,1288,1272,64.5050961,28.2117688
Rovaniemi,54014,54790,55487,56054,56606,57045,57389,57641,57620,57619,57253,56991,56894,56955,57500,57835,58099,58825,59353,59848,60090,60637,60877,61215,61551,61838,62231,62420,62922,63042,66.5027902,25.7284788
Ruokolahti,6456,6450,6520,6531,6472,6402,6340,6374,6309,6283,6204,6142,6051,6029,5937,5897,5882,5732,5730,5733,5668,5595,5577,5507,5404,5312,5245,5218,5099,4994,61.2922641,28.8157995
Ruovesi,6142,6046,6029,5991,5945,5924,5855,5830,5812,5761,5683,5591,5526,5457,5431,5398,5314,5195,5132,5101,5038,4940,4868,4771,4689,4623,4565,4459,4398,4283,61.9844882,24.0688118
Rusko,4542,4645,4739,4793,4861,4892,4874,4900,4981,5052,5174,5335,5408,5488,5598,5654,5708,5724,5758,5822,5816,5870,5907,5995,6045,6110,6137,6263,6251,6327,60.5424395,22.2225150
Raakkyla,3556,3509,3438,3433,3420,3364,3300,3255,3229,3172,3175,3076,3020,2960,2936,2838,2778,2735,2671,2625,2554,2532,2490,2467,2435,2349,2268,2240,2181,2126,62.3126770,29.6260584
Saarijarvi,12026,12020,12060,12071,12080,11980,12024,11931,11822,11767,11624,11489,11358,11276,11130,11048,10929,10801,10730,10666,10580,10380,10258,10165,10084,9915,9690,9589,9415,9309,62.7055236,25.2539020
Salla,6269,6176,6139,6049,5925,5812,5733,5643,5462,5289,5142,4970,4822,4782,4683,4571,4479,4364,4308,4231,4162,4052,3979,3890,3781,3727,3653,3575,3491,3400,66.8309712,28.6699330
Salo,49834,50034,50076,50200,50423,50922,51087,51443,51813,52218,52604,52852,52854,53029,53236,53672,54082,54469,54777,54889,55235,55283,54858,54478,54238,53890,53546,52984,52321,51833,60.3843736,23.1267271
Saltvik,1634,1655,1660,1661,1627,1636,1618,1625,1641,1674,1679,1721,1714,1747,1723,1739,1706,1731,1753,1792,1802,1810,1823,1813,1825,1829,1839,1873,1858,1849,60.2752148,20.0591152
Sastamala,27085,27171,27200,27102,26954,26785,26593,26506,26387,26358,26195,26016,25857,25865,25863,25847,25848,25893,25813,25746,25764,25763,25747,25511,25372,25220,25062,24820,24651,24277,61.3402251,22.9064375
Sauvo,2808,2832,2863,2846,2865,2846,2842,2822,2824,2856,2851,2846,2871,2888,2896,2931,2915,2950,3027,3040,3045,3043,3033,3032,2999,3019,3047,3007,2994,2945,60.3445067,22.6917503
Savitaipale,4799,4743,4732,4684,4641,4601,4542,4488,4476,4432,4396,4324,4293,4224,4162,4126,4132,4071,4023,3957,3863,3789,3764,3729,3667,3613,3534,3480,3429,3383,61.1987421,27.6860191
Savonlinna,41359,41368,41508,41438,41367,41426,41205,40899,40509,40033,39575,39255,39072,38865,38689,38451,38214,37762,37410,37204,37059,36854,36584,36256,35944,35523,35242,34664,33611,32974,61.8698026,28.8784982
Savukoski,1774,1763,1766,1728,1685,1660,1626,1596,1543,1530,1472,1434,1415,1385,1329,1303,1266,1244,1216,1181,1179,1156,1127,1126,1103,1061,1044,1012,1015,1005,67.2920048,28.1643708
Seinajoki,47182,47651,48138,48559,48976,49209,49457,49678,50033,50372,50670,51159,51705,52379,53274,53965,54616,55356,56211,57024,57811,58703,59556,60354,60880,61530,62052,62676,63288,63781,62.7866628,22.8422796
Sievi,4710,4732,4739,4752,4793,4842,4909,4969,5003,5119,5151,5149,5184,5194,5210,5192,5213,5257,5307,5278,5310,5285,5241,5198,5154,5124,5069,5035,4980,4910,63.9062811,24.5211568
Siikainen,2351,2311,2281,2270,2231,2188,2161,2093,2054,2002,1947,1886,1895,1866,1816,1800,1794,1744,1677,1686,1654,1661,1641,1632,1593,1527,1494,1476,1458,1437,61.8776603,21.8231409
Siikajoki,6583,6581,6588,6591,6568,6507,6467,6379,6289,6169,6061,5997,5916,5904,5830,5808,5827,5823,5759,5776,5682,5639,5597,5593,5526,5466,5366,5343,5249,5145,64.6638387,25.1032932
Siikalatva,7864,7831,7778,7812,7790,7684,7585,7492,7356,7255,7146,7083,6984,6888,6782,6688,6575,6520,6394,6293,6179,6061,5983,5857,5816,5677,5583,5447,5301,5231,64.2720301,25.8637757
Siilinjarvi,18749,18925,19113,19144,19310,19304,19371,19445,19595,19584,19742,19760,19885,20119,20234,20271,20609,20750,20769,20964,21010,21311,21431,21567,21668,21794,21768,21657,21674,21423,63.0736647,27.6596985
Simo,4276,4279,4265,4219,4163,4158,4130,4036,4001,3924,3891,3791,3759,3717,3655,3621,3597,3588,3546,3496,3489,3441,3429,3356,3296,3238,3170,3110,3045,2988,65.6612700,25.0622971
Sipoo,14671,14893,15089,15217,15328,15497,15797,16145,16687,17160,17477,17760,18177,18397,18444,18719,19060,19470,17840,18036,18253,18526,18739,18914,19034,19399,19922,20310,20666,21170,60.3768569,25.2685161
Siuntio,4221,4343,4381,4392,4401,4445,4478,4524,4656,4714,4853,4918,4997,5158,5312,5422,5578,5780,5871,6024,6104,6148,6170,6183,6199,6182,6178,6146,6134,6145,60.1380175,24.2248633
Sodankyla,10576,10667,10693,10724,10747,10736,10563,10450,10283,10105,9922,9674,9489,9373,9336,9216,9081,8982,8872,8801,8779,8806,8834,8884,8820,8782,8653,8545,8444,8303,67.4149202,26.5906736
Soini,3026,3027,3023,2986,2970,2925,2902,2860,2820,2813,2799,2733,2717,2682,2667,2614,2580,2526,2455,2429,2391,2360,2329,2284,2273,2224,2186,2114,2085,2052,62.8729722,24.2101732
Somero,10002,9963,9942,9939,9932,9894,9876,9815,9779,9799,9789,9676,9676,9680,9684,9606,9524,9491,9465,9402,9330,9268,9229,9146,9173,9093,9027,8919,8828,8711,60.6282907,23.5176912
Sonkajarvi,6030,5978,5914,5862,5811,5671,5638,5605,5498,5396,5272,5155,5070,5007,4995,4951,4900,4825,4706,4694,4671,4600,4493,4454,4336,4278,4199,4075,3967,3897,63.6691630,27.5237429
Sotkamo,11603,11600,11606,11563,11551,11477,11434,11390,11289,11237,11106,10894,10766,10715,10701,10713,10738,10716,10719,10703,10702,10697,10682,10659,10598,10523,10471,10423,10389,10336,64.1320249,28.3876898
Sottunga,133,129,130,134,129,127,120,131,126,122,129,128,132,134,131,127,120,116,115,125,119,103,101,100,101,99,96,92,91,88,60.1299875,20.6674187
Sulkava,3923,3900,3864,3831,3788,3758,3699,3628,3562,3523,3456,3413,3363,3306,3257,3196,3149,3087,3033,2965,2938,2876,2844,2794,2789,2724,2661,2588,2530,2492,61.7897263,28.3780423
Sund,948,959,951,946,953,968,965,992,980,1004,1013,1013,1030,1039,1024,1031,1033,1052,1031,1032,1019,1032,1035,1029,1035,1031,1006,1031,1028,1023,60.2502001,20.1162935
Suomussalmi,12509,12433,12336,12306,12258,12124,11906,11692,11411,11236,11003,10740,10548,10376,10248,10071,9848,9632,9435,9332,9156,8943,8813,8661,8486,8336,8187,8051,7862,7727,64.8838211,28.9047947
Suonenjoki,8681,8718,8704,8656,8663,8560,8504,8390,8297,8203,8048,7992,7886,7787,7836,7766,7741,7678,7607,7611,7598,7577,7496,7456,7419,7390,7312,7266,7145,7064,62.6230374,27.1275769
Sysma,5527,5495,5501,5457,5430,5326,5220,5160,5091,5003,4915,4851,4780,4716,4697,4655,4629,4578,4509,4391,4305,4261,4178,4139,4097,4040,3953,3859,3753,3657,61.5037719,25.6837029
Sakyla,8596,8612,8630,8583,8508,8482,8374,8364,8327,8262,8118,7981,7932,7896,7882,7885,7795,7685,7624,7573,7527,7477,7381,7255,7186,7070,6988,6903,6811,6721,61.0483612,22.3367858
Taipalsaari,4655,4705,4751,4771,4763,4796,4779,4784,4708,4704,4712,4701,4723,4802,4844,4895,4962,4964,4914,4888,4911,4855,4840,4826,4798,4815,4832,4774,4715,4671,61.1613303,28.0575793
Taivalkoski,5659,5636,5656,5659,5628,5595,5563,5463,5317,5224,5127,5031,4940,4869,4779,4728,4663,4621,4546,4491,4459,4422,4313,4251,4231,4199,4133,4058,4024,3976,65.5762521,28.2405980
Taivassalo,1976,1952,1948,1943,1886,1896,1865,1849,1840,1846,1821,1778,1759,1766,1762,1742,1748,1730,1708,1692,1700,1690,1682,1667,1645,1633,1622,1654,1662,1639,60.5618076,21.6111976
Tammela,5912,5978,6111,6184,6147,6156,6225,6239,6334,6357,6362,6424,6451,6440,6484,6505,6582,6650,6617,6628,6591,6554,6542,6474,6395,6280,6241,6155,6081,6015,60.8081343,23.7602775
Tampere,172560,173797,174859,176149,179251,182742,186026,188726,191254,193174,195468,197774,199823,200966,202932,204337,206368,207866,209552,211507,213217,215168,217421,220446,223004,225118,228274,231853,235239,238140,61.4977425,23.7612900
Tervo,2232,2228,2204,2192,2153,2129,2120,2113,2064,2010,1994,1951,1925,1920,1890,1835,1790,1792,1750,1744,1706,1700,1704,1669,1627,1608,1611,1585,1567,1520,62.9521452,26.7539323
Tervola,4170,4177,4176,4161,4132,4079,4065,4032,4032,3953,3895,3864,3781,3729,3710,3679,3659,3550,3476,3462,3444,3387,3339,3306,3239,3195,3099,3068,3062,3001,66.0870240,24.8110643
Teuva,7348,7382,7343,7329,7207,7087,7019,6885,6782,6686,6620,6508,6403,6340,6307,6220,6158,6158,6077,5962,5923,5847,5767,5656,5543,5482,5363,5269,5158,5076,62.4847614,21.7471909
Tohmajarvi,6666,6613,6555,6526,6476,6378,6228,6131,6059,5969,5873,5791,5711,5588,5511,5446,5346,5239,5161,5079,5008,4992,4897,4876,4794,4738,4653,4571,4482,4361,62.2262354,30.3330572
Toholampi,4087,4077,4085,4043,4067,4023,3982,3939,3906,3841,3797,3745,3678,3664,3665,3667,3643,3590,3536,3493,3480,3485,3426,3381,3354,3311,3232,3192,3112,3033,63.7716878,24.2505041
Toivakka,2515,2504,2502,2477,2460,2470,2454,2449,2427,2396,2368,2368,2364,2390,2373,2353,2359,2347,2367,2379,2418,2475,2455,2466,2472,2431,2432,2384,2406,2388,62.0979297,26.0825447
Tornio,22879,23033,23178,23313,23274,23156,23285,23116,22881,22719,22617,22456,22155,22198,22204,22297,22299,22373,22487,22426,22513,22545,22489,22371,22322,22199,22117,21928,21875,21602,65.8497301,24.1440916
Turku,159180,159403,159916,160390,162370,164744,166929,168772,170931,172107,172561,173686,174618,175059,174824,174868,175354,175286,175582,176087,177326,178630,180225,182072,183824,185908,187604,189669,191331,192962,60.4516903,22.2668666
Tuusniemi,3580,3570,3555,3536,3506,3450,3443,3415,3308,3260,3204,3171,3083,3037,3031,2998,2983,2934,2877,2864,2864,2820,2795,2802,2750,2719,2643,2597,2551,2477,62.8124065,28.4882506
Tuusula,27328,27774,28319,28444,28677,28791,29349,29957,30404,31168,31957,32915,33377,33952,34513,34890,35434,35968,36386,36766,37214,37667,37936,38125,38198,38459,38588,38646,38664,38599,60.4023693,25.0251420
Tyrnava,4387,4523,4593,4680,4744,4787,4867,4879,4876,4953,5035,5119,5248,5378,5616,5732,5916,6087,6148,6320,6416,6462,6613,6642,6735,6793,6750,6730,6758,6637,64.7633639,25.6526334
Ulvila,14317,14391,14533,14563,14513,14490,14356,14305,14243,14187,14118,14044,13991,13879,13934,13803,13767,13702,13707,13692,13606,13554,13470,13361,13322,13352,13312,13237,13021,12871,61.4326529,21.8880333
Urjala,6129,6109,6095,6046,5961,5895,5842,5761,5763,5714,5703,5612,5596,5556,5524,5565,5513,5491,5414,5362,5335,5246,5174,5105,4984,4928,4858,4829,4792,4688,61.0811317,23.5493112
Utajarvi,3601,3632,3616,3636,3609,3592,3545,3508,3446,3388,3334,3290,3279,3263,3231,3223,3188,3108,3045,3014,2998,2951,2950,2945,2907,2861,2824,2768,2702,2676,64.7616955,26.4169079
Utsjoki,1514,1531,1534,1568,1553,1568,1555,1521,1457,1412,1394,1401,1402,1385,1367,1363,1361,1335,1322,1302,1297,1294,1285,1279,1260,1250,1241,1242,1232,1212,69.9078285,27.0265412
Uurainen,2961,3013,3038,3082,3078,3055,3082,3078,3089,3117,3125,3112,3111,3078,3096,3137,3157,3265,3321,3382,3455,3507,3569,3594,3611,3666,3717,3747,3783,3681,62.5008063,25.4385188
Uusikaarlepyy,7727,7721,7743,7727,7667,7658,7652,7607,7554,7529,7492,7458,7431,7450,7436,7375,7404,7399,7429,7452,7458,7516,7531,7524,7533,7564,7516,7521,7455,7464,63.5231258,22.5300860
Uusikaupunki,18432,18393,18255,18009,17872,17590,17631,17552,17479,17216,17019,16851,16696,16405,16260,16198,16059,15926,15886,15873,15833,15685,15499,15463,15567,15510,15404,15752,15700,15522,60.8012077,21.4077271
Vaala,4498,4499,4497,4504,4464,4420,4351,4322,4228,4138,4041,3976,3894,3829,3751,3718,3612,3561,3470,3400,3370,3314,3250,3193,3139,3074,3040,2941,2869,2792,64.5609421,26.8406737
Vaasa,58394,58763,59191,59699,60026,60399,60812,61183,61442,61464,61470,61716,61613,61705,61729,61889,62269,62695,63329,63915,64345,65173,65674,66321,66965,67619,67620,67392,67552,67636,63.0925888,21.6158741
Valkeakoski,21724,21600,21427,21317,21250,21168,20968,20785,20731,20626,20493,20424,20419,20474,20472,20408,20394,20394,20542,20631,20844,21022,21172,21129,21162,21332,21346,21136,21137,20972,61.2700532,24.0292485
Vantaa,154933,157274,159213,161103,164376,166480,168778,171297,173860,176386,178471,179856,181890,184039,185429,187281,189711,192522,195397,197636,200055,203001,205312,208098,210803,214605,219341,223027,228166,233775,60.2981337,25.0066413
Varkaus,26428,26439,26366,26275,25973,25930,25840,25619,25360,25101,24890,24731,24546,24366,24269,23946,23643,23405,23182,22935,22777,22606,22340,22107,21860,21638,21468,21155,20829,20466,62.3139506,27.8885873
Vehmaa,2777,2815,2767,2715,2660,2634,2616,2556,2584,2515,2539,2509,2491,2470,2448,2464,2468,2448,2445,2400,2378,2353,2324,2330,2339,2276,2277,2316,2285,2293,60.6859027,21.7125121
Vesanto,3245,3250,3224,3175,3151,3082,3015,3001,2952,2865,2812,2752,2697,2675,2689,2583,2548,2477,2437,2412,2426,2390,2328,2288,2244,2191,2148,2094,2058,2014,62.9310304,26.4128491
Vesilahti,3097,3155,3231,3259,3246,3235,3223,3284,3318,3391,3421,3481,3596,3663,3675,3831,3949,4086,4248,4365,4345,4383,4437,4473,4492,4489,4462,4460,4393,4355,61.3055838,23.6276364
Veteli,4074,4059,4095,4069,4057,4046,4009,3949,3922,3853,3811,3754,3696,3690,3637,3593,3540,3518,3501,3482,3466,3405,3382,3332,3342,3302,3259,3216,3166,3114,63.4752873,23.7886251
Vierema,4779,4758,4762,4752,4739,4637,4625,4553,4514,4457,4361,4294,4246,4155,4143,4125,4095,4054,4062,3985,3982,3962,3930,3874,3816,3757,3721,3685,3676,3579,63.7440695,27.0051604
Vihti,21648,21835,22204,22556,22716,22895,23003,23203,23385,23611,23858,24214,24732,24954,25561,25935,26427,27040,27628,27869,28311,28581,28674,28929,28995,28919,28967,29054,29211,29158,60.4167919,24.3198583
Viitasaari,8689,8640,8613,8525,8447,8347,8267,8212,8050,8010,7915,7800,7728,7602,7524,7458,7445,7406,7330,7195,7174,7065,6957,6895,6780,6666,6607,6411,6264,6176,63.0827920,25.8551679
Vimpeli,3834,3838,3816,3836,3805,3761,3702,3646,3629,3602,3553,3469,3458,3403,3415,3414,3387,3332,3302,3298,3255,3222,3205,3171,3106,3073,3025,2974,2901,2827,63.1619279,23.8206007
Virolahti,4186,4175,4128,4127,4108,4033,4003,3970,3972,3918,3904,3837,3772,3752,3718,3641,3611,3617,3541,3530,3516,3485,3487,3435,3399,3347,3267,3207,3150,3109,60.5820711,27.7088715
Virrat,9143,9132,9076,9045,9002,8879,8723,8635,8580,8442,8236,8161,8077,7982,7943,7851,7778,7693,7629,7612,7514,7453,7384,7280,7157,7002,6917,6844,6739,6544,62.2384845,23.7737476
Vardo,386,397,394,387,401,404,397,393,398,402,409,404,406,417,425,426,434,444,449,445,452,449,422,433,439,441,439,430,448,447,60.2443510,20.3753380
Voyri,7427,7483,7396,7404,7373,7298,7210,7155,7106,7022,6935,6882,6785,6773,6775,6749,6663,6683,6628,6686,6689,6743,6680,6691,6705,6714,6684,6616,6613,6461,63.1320680,22.2524563
Ylitornio,6258,6224,6233,6210,6136,6029,5937,5861,5752,5652,5535,5404,5330,5314,5275,5184,5095,4943,4847,4807,4731,4650,4556,4482,4348,4291,4200,4118,4022,3918,66.3230449,23.6730123
Ylivieska,13053,13284,13383,13431,13536,13521,13435,13357,13263,13276,13248,13235,13220,13185,13343,13482,13571,13650,13803,13895,14067,14266,14533,14748,14976,15039,15199,15251,15212,15255,64.0722844,24.5336901
Ylojarvi,23434,23712,23922,24137,24232,24223,24439,24582,24805,25070,25299,25747,26060,26502,27178,27876,28466,29148,29762,30175,30500,30942,31515,31743,32260,32738,32799,32878,32983,33254,61.5571560,23.5965801
Ypaja,2801,2802,2789,2758,2742,2748,2787,2779,2780,2757,2735,2706,2654,2677,2678,2678,2659,2641,2630,2584,2565,2550,2509,2483,2468,2411,2382,2372,2357,2343,60.8052277,23.2724383
Ahtari,7814,7778,7790,7732,7681,7598,7515,7440,7393,7255,7215,7133,7060,7000,6964,6885,6857,6758,6620,6565,6482,6412,6363,6271,6178,6068,5985,5906,5703,5616,62.5528592,24.0750184
Aanekoski,21121,21188,21096,21173,21162,21129,21080,21005,20975,20898,20713,20543,20425,20457,20384,20345,20341,20404,20325,20243,20244,20334,20265,20077,19909,19646,19374,19144,18851,18765,62.6033074,25.7248313